USE [QLTX]
GO

-- Tổ
INSERT INTO [TO]([TEN]) VALUES(N'Tổ 1')
INSERT INTO [TO]([TEN]) VALUES(N'Tổ 2')

-- Tuyến đường lượt đi
INSERT INTO [TUYENDUONG]([TEN], [CHIEUDAI], [DIEMBATDAU], [DIEMKETTHUC]) VALUES (N'TP Hồ Chí Minh - Long An', 42, N'Bến Xe Miền Tây', N'Bến Xe Long An') -- theo google maps, thời gian chạy khoản: 1h
INSERT INTO [TUYENDUONG]([TEN], [CHIEUDAI], [DIEMBATDAU], [DIEMKETTHUC]) VALUES (N'TP Hồ Chí Minh - Vĩnh Long', 123, N'Bến Xe Miền Tây', N'Bến Xe Vĩnh Long') -- theo google maps, thời gian chạy khoản: 3h
INSERT INTO [TUYENDUONG]([TEN], [CHIEUDAI], [DIEMBATDAU], [DIEMKETTHUC]) VALUES (N'TP Hồ Chí Minh - Sa Đéc', 132, N'Bến Xe Miền Tây', N'Bến Xe Sa Đéc') -- theo google maps, thời gian chạy khoản: 3h
INSERT INTO [TUYENDUONG]([TEN], [CHIEUDAI], [DIEMBATDAU], [DIEMKETTHUC]) VALUES (N'TP Hồ Chí Minh - Cần Thơ', 157, N'Bến Xe Miền Tây', N'Bến Xe Cần Thơ') -- theo google maps, thời gian chạy khoản: 4h
INSERT INTO [TUYENDUONG]([TEN], [CHIEUDAI], [DIEMBATDAU], [DIEMKETTHUC]) VALUES (N'TP Hồ Chí Minh - Cà Mau', 294, N'Bến Xe Miền Tây', N'Bến Xe Cà Mau') -- theo google maps, thời gian chạy khoản: 6h

INSERT INTO [TUYENDUONG]([TEN], [CHIEUDAI], [DIEMBATDAU], [DIEMKETTHUC]) VALUES (N'TP Hồ Chí Minh - Bình Dương', 24, N'Bến Xe Miền Đông', N'Bến Xe Bình Dương') -- theo google maps, thời gian chạy khoản: 1h
INSERT INTO [TUYENDUONG]([TEN], [CHIEUDAI], [DIEMBATDAU], [DIEMKETTHUC]) VALUES (N'TP Hồ Chí Minh - Đồng Nai', 26, N'Bến Xe Miền Đông', N'Bến Xe Đồng Nai') -- theo google maps, thời gian chạy khoản: 1h
INSERT INTO [TUYENDUONG]([TEN], [CHIEUDAI], [DIEMBATDAU], [DIEMKETTHUC]) VALUES (N'TP Hồ Chí Minh - Vũng Tàu', 97, N'Bến Xe Miền Đông', N'Bến Xe Vũng Tàu') -- theo google maps, thời gian chạy khoản: 3h
INSERT INTO [TUYENDUONG]([TEN], [CHIEUDAI], [DIEMBATDAU], [DIEMKETTHUC]) VALUES (N'TP Hồ Chí Minh - Tây Ninh', 98, N'Bến Xe Miền Đông', N'Bến Xe Tây Ninh') -- theo google maps, thời gian chạy khoản: 3h
INSERT INTO [TUYENDUONG]([TEN], [CHIEUDAI], [DIEMBATDAU], [DIEMKETTHUC]) VALUES (N'TP Hồ Chí Minh - Phan Thiết', 178, N'Bến Xe Miền Đông', N'Bến Xe Phan Thiết') -- theo google maps, thời gian chạy khoản: 4h

INSERT INTO [TUYENDUONG]([TEN], [CHIEUDAI], [DIEMBATDAU], [DIEMKETTHUC]) VALUES (N'TP Hồ Chí Minh - Hà Đông', 1612, N'Bến Xe Miền Đông', N'Bến Xe Hà Đông') -- theo google maps, thời gian chạy khoản: 31h
INSERT INTO [TUYENDUONG]([TEN], [CHIEUDAI], [DIEMBATDAU], [DIEMKETTHUC]) VALUES (N'TP Hồ Chí Minh - Hà Nội', 1616, N'Bến Xe Miền Đông', N'Bến Xe Khách Mỹ Đình') -- theo google maps, thời gian chạy khoản: 31h
INSERT INTO [TUYENDUONG]([TEN], [CHIEUDAI], [DIEMBATDAU], [DIEMKETTHUC]) VALUES (N'TP Hồ Chí Minh - Bắc Ninh', 1640, N'Bến Xe Miền Đông', N'Bến Xe Bắc Ninh') -- theo google maps, thời gian chạy khoản: 32h

-- Tuyến đường lượt về
INSERT INTO [TUYENDUONG]([TEN], [CHIEUDAI], [DIEMBATDAU], [DIEMKETTHUC]) VALUES (N'Long An - TP Hồ Chí Minh', 42, N'Bến Xe Long An', N'Bến Xe Miền Tây') -- theo google maps, thời gian chạy khoản: 1h
INSERT INTO [TUYENDUONG]([TEN], [CHIEUDAI], [DIEMBATDAU], [DIEMKETTHUC]) VALUES (N'Vĩnh Long - TP Hồ Chí Minh', 123, N'Bến Xe Vĩnh Long', N'Bến Xe Miền Tây') -- theo google maps, thời gian chạy khoản: 3h
INSERT INTO [TUYENDUONG]([TEN], [CHIEUDAI], [DIEMBATDAU], [DIEMKETTHUC]) VALUES (N'Sa Đéc - TP Hồ Chí Minh', 132, N'Bến Xe Sa Đéc', N'Bến Xe Miền Tây') -- theo google maps, thời gian chạy khoản: 3h
INSERT INTO [TUYENDUONG]([TEN], [CHIEUDAI], [DIEMBATDAU], [DIEMKETTHUC]) VALUES (N'Cần Thơ - TP Hồ Chí Minh', 157, N'Bến Xe Cần Thơ', N'Bến Xe Miền Tây') -- theo google maps, thời gian chạy khoản: 4h
INSERT INTO [TUYENDUONG]([TEN], [CHIEUDAI], [DIEMBATDAU], [DIEMKETTHUC]) VALUES (N'Cà Mau - TP Hồ Chí Minh', 294, N'Bến Xe Cà Mau', N'Bến Xe Miền Tây') -- theo google maps, thời gian chạy khoản: 6h

INSERT INTO [TUYENDUONG]([TEN], [CHIEUDAI], [DIEMBATDAU], [DIEMKETTHUC]) VALUES (N'Bình Dương - TP Hồ Chí Minh', 24, N'Bến Xe Bình Dương', N'Bến Xe Miền Đông') -- theo google maps, thời gian chạy khoản: 1h
INSERT INTO [TUYENDUONG]([TEN], [CHIEUDAI], [DIEMBATDAU], [DIEMKETTHUC]) VALUES (N'Đồng Nai - TP Hồ Chí Minh', 26, N'Bến Xe Đồng Nai', N'Bến Xe Miền Đông') -- theo google maps, thời gian chạy khoản: 1h
INSERT INTO [TUYENDUONG]([TEN], [CHIEUDAI], [DIEMBATDAU], [DIEMKETTHUC]) VALUES (N'Vũng Tàu - TP Hồ Chí Minh', 97, N'Bến Xe Vũng Tàu', N'Bến Xe Miền Đông') -- theo google maps, thời gian chạy khoản: 3h
INSERT INTO [TUYENDUONG]([TEN], [CHIEUDAI], [DIEMBATDAU], [DIEMKETTHUC]) VALUES (N'Tây Ninh - TP Hồ Chí Minh', 98, N'Bến Xe Tây Ninh', N'Bến Xe Miền Đông') -- theo google maps, thời gian chạy khoản: 3h
INSERT INTO [TUYENDUONG]([TEN], [CHIEUDAI], [DIEMBATDAU], [DIEMKETTHUC]) VALUES (N'Phan Thiết - TP Hồ Chí Minh', 178, N'Bến Xe Phan Thiết', N'Bến Xe Miền Đông') -- theo google maps, thời gian chạy khoản: 4h

INSERT INTO [TUYENDUONG]([TEN], [CHIEUDAI], [DIEMBATDAU], [DIEMKETTHUC]) VALUES (N'Hà Đông - TP Hồ Chí Minh', 1612, N'Bến Xe Hà Đông', N'Bến Xe Miền Đông') -- theo google maps, thời gian chạy khoản: 31h
INSERT INTO [TUYENDUONG]([TEN], [CHIEUDAI], [DIEMBATDAU], [DIEMKETTHUC]) VALUES (N'Hà Nội - TP Hồ Chí Minh', 1616, N'Bến Xe Khách Mỹ Đình', N'Bến Xe Miền Đông') -- theo google maps, thời gian chạy khoản: 31h
INSERT INTO [TUYENDUONG]([TEN], [CHIEUDAI], [DIEMBATDAU], [DIEMKETTHUC]) VALUES (N'Bắc Ninh - TP Hồ Chí Minh', 1640, N'Bến Xe Bắc Ninh', N'Bến Xe Miền Đông') -- theo google maps, thời gian chạy khoản: 32h

-- Xe
INSERT INTO [XE]([BIENSO], [TINHTRANG]) VALUES(N'51B-024.35', N'Có thể sử dụng')
INSERT INTO [XE]([BIENSO], [TINHTRANG]) VALUES(N'51B-632.14', N'Có thể sử dụng')
INSERT INTO [XE]([BIENSO], [TINHTRANG]) VALUES(N'51B-255.21', N'Có thể sử dụng')
INSERT INTO [XE]([BIENSO], [TINHTRANG]) VALUES(N'51B-047.69', N'Có thể sử dụng')
INSERT INTO [XE]([BIENSO], [TINHTRANG]) VALUES(N'51B-366.54', N'Có thể sử dụng')
INSERT INTO [XE]([BIENSO], [TINHTRANG]) VALUES(N'51B-558.01', N'Có thể sử dụng')
INSERT INTO [XE]([BIENSO], [TINHTRANG]) VALUES(N'51B-423.36', N'Có thể sử dụng')
INSERT INTO [XE]([BIENSO], [TINHTRANG]) VALUES(N'51B-331.25', N'Có thể sử dụng')
INSERT INTO [XE]([BIENSO], [TINHTRANG]) VALUES(N'51B-254.23', N'hư hỏng')
INSERT INTO [XE]([BIENSO], [TINHTRANG]) VALUES(N'51B-365.54', N'hư hỏng')

-- Tài khoản
INSERT INTO [TAIKHOAN]([MA], [TAIKHOAN], [MATKHAU], [LOAINGUOIDUNG]) VALUES(1, N'admin', N'admin', N'Quản trị')

INSERT INTO [TAIKHOAN]([MA], [TAIKHOAN], [MATKHAU], [LOAINGUOIDUNG]) VALUES(2, N'ubth', N'ubth', N'Quản lý') -- Ung Bửu Trí Hùng
INSERT INTO [TAIKHOAN]([MA], [TAIKHOAN], [MATKHAU], [LOAINGUOIDUNG]) VALUES(3, N'ntt', N'ntt', N'Quản lý') -- Nguyễn Tứ Thiên
INSERT INTO [TAIKHOAN]([MA], [TAIKHOAN], [MATKHAU], [LOAINGUOIDUNG]) VALUES(4, N'ngd', N'ngd', N'Quản lý') -- Nguyễn Gia Dần
INSERT INTO [TAIKHOAN]([MA], [TAIKHOAN], [MATKHAU], [LOAINGUOIDUNG]) VALUES(5, N'ttt', N'ttt', N'Quản lý') -- Trịnh Thanh Thuận
INSERT INTO [TAIKHOAN]([MA], [TAIKHOAN], [MATKHAU], [LOAINGUOIDUNG]) VALUES(6, N'ttk', N'ttk', N'Quản lý') -- Trương Tuấn Kiệt
INSERT INTO [TAIKHOAN]([MA], [TAIKHOAN], [MATKHAU], [LOAINGUOIDUNG]) VALUES(7, N'nct', N'nct', N'Quản lý') -- Nguyễn Công Thành

INSERT INTO [TAIKHOAN]([MA], [TAIKHOAN], [MATKHAU], [LOAINGUOIDUNG]) VALUES(8, N'taixe1', N'taixe1', N'Tài xế')
INSERT INTO [TAIKHOAN]([MA], [TAIKHOAN], [MATKHAU], [LOAINGUOIDUNG]) VALUES(9, N'taixe2', N'taixe2', N'Tài xế')
INSERT INTO [TAIKHOAN]([MA], [TAIKHOAN], [MATKHAU], [LOAINGUOIDUNG]) VALUES(10, N'taixe3', N'taixe3', N'Tài xế')
INSERT INTO [TAIKHOAN]([MA], [TAIKHOAN], [MATKHAU], [LOAINGUOIDUNG]) VALUES(11, N'taixe4', N'taixe4', N'Tài xế')
INSERT INTO [TAIKHOAN]([MA], [TAIKHOAN], [MATKHAU], [LOAINGUOIDUNG]) VALUES(12, N'taixe5', N'taixe5', N'Tài xế')
INSERT INTO [TAIKHOAN]([MA], [TAIKHOAN], [MATKHAU], [LOAINGUOIDUNG]) VALUES(13, N'taixe6', N'taixe6', N'Tài xế')

-- Người quản trị
INSERT INTO [QUANTRI]([MA], [HOTEN], [NGAYSINH]) VALUES(1, N'Nguyễn Quản Trị', '1980-12-25') -- YYYY-MM-DD

-- Người quản lý
INSERT INTO [QUANLY]([MA], [HOTEN], [NGAYSINH]) VALUES(2, N'Ung Bửu Trí Hùng', '1995-10-22') -- YYYY-MM-DD
INSERT INTO [QUANLY]([MA], [HOTEN], [NGAYSINH]) VALUES(3, N'Nguyễn Tứ Thiên', '1995-10-23') -- YYYY-MM-DD
INSERT INTO [QUANLY]([MA], [HOTEN], [NGAYSINH]) VALUES(4, N'Nguyễn Gia Dần', '1995-10-24') -- YYY-MM-DD
INSERT INTO [QUANLY]([MA], [HOTEN], [NGAYSINH]) VALUES(5, N'Trịnh Thanh Thuận', '1995-10-25') -- YYYY-MM-DD
INSERT INTO [QUANLY]([MA], [HOTEN], [NGAYSINH]) VALUES(6, N'Trương Tuấn Kiệt', '1995-10-26') -- YYYY-MM-DD
INSERT INTO [QUANLY]([MA], [HOTEN], [NGAYSINH]) VALUES(7, N'Nguyễn Công Thành', '1995-10-27') -- YYYY-MM-DD

-- Tài xế
INSERT INTO [TAIXE]([MA], [TEN], [CMND], [NGAYSINH], [VITRI], [MATO], [QUANGDUONGDIDUOC]) VALUES(8, N'Nguyễn Thị Danh', N'002365478', '1995-10-8', N'Tổ trưởng', 1, 2000) -- YYYY-MM-DD
INSERT INTO [TAIXE]([MA], [TEN], [CMND], [NGAYSINH], [VITRI], [MATO], [QUANGDUONGDIDUOC]) VALUES(9, N'Nguyễn Xuân Thái', N'698533651', '1995-10-9', N'Tổ trưởng', 2, 2000) -- YYYY-MM-DD
INSERT INTO [TAIXE]([MA], [TEN], [CMND], [NGAYSINH], [VITRI], [MATO], [QUANGDUONGDIDUOC]) VALUES(10, N'Nguyễn Văn Thường', N'366501459', '1995-10-10', N'Tổ viên', 1, 100) -- YYYY-MM-DD
INSERT INTO [TAIXE]([MA], [TEN], [CMND], [NGAYSINH], [VITRI], [MATO], [QUANGDUONGDIDUOC]) VALUES(11, N'Lưu Hữu Lục', N'362225410', '1995-10-11', N'Tổ viên', 1, 200) -- YYYY-MM-DD
INSERT INTO [TAIXE]([MA], [TEN], [CMND], [NGAYSINH], [VITRI], [MATO], [QUANGDUONGDIDUOC]) VALUES(12, N'Lê Quang Đức', N'033659853', '1995-10-12', N'Tổ viên', 2, 300) -- YYYY-MM-DD
INSERT INTO [TAIXE]([MA], [TEN], [CMND], [NGAYSINH], [VITRI], [MATO], [QUANGDUONGDIDUOC]) VALUES(13, N'Nguyễn Thị Liệu', N'699854321', '1995-10-13', N'Tổ viên', 2, 400) -- YYYY-MM-DD

-- Lịch trình
INSERT INTO [LICHTRINH]([THOIGIANBATDAU], [THOIGIANKETTHUC], [MATUYENDUONG], [NGAYPHANCONG], [MAXE], [NGUOICHINHSUACUOICUNG], [TAIXE]) VALUES('2017-07-01 5:00:00', '2017-07-03 5:00:00', 11, '2017-6-20', 1, 2, 8) -- YYYY-MM-DD hh:mm:ss
INSERT INTO [LICHTRINH]([THOIGIANBATDAU], [THOIGIANKETTHUC], [MATUYENDUONG], [NGAYPHANCONG], [MAXE], [NGUOICHINHSUACUOICUNG], [TAIXE]) VALUES('2017-07-04 5:00:00', '2017-07-06 5:00:00', 24, '2017-6-20', 1, 2, 8) -- YYYY-MM-DD hh:mm:ss
INSERT INTO [LICHTRINH]([THOIGIANBATDAU], [THOIGIANKETTHUC], [MATUYENDUONG], [NGAYPHANCONG], [MAXE], [NGUOICHINHSUACUOICUNG], [TAIXE]) VALUES('2017-07-07 5:00:00', '2017-07-07 6:00:00', 1, '2017-6-20', 1, 2, 8) -- YYYY-MM-DD hh:mm:ss
INSERT INTO [LICHTRINH]([THOIGIANBATDAU], [THOIGIANKETTHUC], [MATUYENDUONG], [NGAYPHANCONG], [MAXE], [NGUOICHINHSUACUOICUNG], [TAIXE]) VALUES('2017-07-07 10:00:00', '2017-07-07 11:00:00', 14, '2017-6-20', 1, 2, 8) -- YYYY-MM-DD hh:mm:ss
INSERT INTO [LICHTRINH]([THOIGIANBATDAU], [THOIGIANKETTHUC], [MATUYENDUONG], [NGAYPHANCONG], [MAXE], [NGUOICHINHSUACUOICUNG], [TAIXE]) VALUES('2017-07-07 15:00:00', '2017-07-07 18:00:00', 2, '2017-6-20', 1, 2, 8) -- YYYY-MM-DD hh:mm:ss
INSERT INTO [LICHTRINH]([THOIGIANBATDAU], [THOIGIANKETTHUC], [MATUYENDUONG], [NGAYPHANCONG], [MAXE], [NGUOICHINHSUACUOICUNG], [TAIXE]) VALUES('2017-07-07 20:00:00', '2017-07-07 23:00:00', 15, '2017-6-20', 1, 2, 8) -- YYYY-MM-DD hh:mm:ss
INSERT INTO [LICHTRINH]([THOIGIANBATDAU], [THOIGIANKETTHUC], [MATUYENDUONG], [NGAYPHANCONG], [MAXE], [NGUOICHINHSUACUOICUNG], [TAIXE]) VALUES('2017-07-09 5:00:00', '2017-07-11 5:00:00', 12, '2017-6-20', 1, 2, 8) -- YYYY-MM-DD hh:mm:ss
INSERT INTO [LICHTRINH]([THOIGIANBATDAU], [THOIGIANKETTHUC], [MATUYENDUONG], [NGAYPHANCONG], [MAXE], [NGUOICHINHSUACUOICUNG], [TAIXE]) VALUES('2017-07-12 5:00:00', '2017-07-14 5:00:00', 25, '2017-6-20', 1, 2, 8) -- YYYY-MM-DD hh:mm:ss
INSERT INTO [LICHTRINH]([THOIGIANBATDAU], [THOIGIANKETTHUC], [MATUYENDUONG], [NGAYPHANCONG], [MAXE], [NGUOICHINHSUACUOICUNG], [TAIXE]) VALUES('2017-07-18 5:00:00', '2017-07-20 5:00:00', 13, '2017-6-20', 1, 2, 8) -- YYYY-MM-DD hh:mm:ss
INSERT INTO [LICHTRINH]([THOIGIANBATDAU], [THOIGIANKETTHUC], [MATUYENDUONG], [NGAYPHANCONG], [MAXE], [NGUOICHINHSUACUOICUNG], [TAIXE]) VALUES('2017-07-22 5:00:00', '2017-07-24 5:00:00', 26, '2017-6-20', 1, 2, 8) -- YYYY-MM-DD hh:mm:ss

INSERT INTO [LICHTRINH]([THOIGIANBATDAU], [THOIGIANKETTHUC], [MATUYENDUONG], [NGAYPHANCONG], [MAXE], [NGUOICHINHSUACUOICUNG], [TAIXE]) VALUES('2017-07-01 10:00:00', '2017-07-03 10:00:00', 11, '2017-6-20', 2, 2, 9) -- YYYY-MM-DD hh:mm:ss
INSERT INTO [LICHTRINH]([THOIGIANBATDAU], [THOIGIANKETTHUC], [MATUYENDUONG], [NGAYPHANCONG], [MAXE], [NGUOICHINHSUACUOICUNG], [TAIXE]) VALUES('2017-07-04 10:00:00', '2017-07-06 10:00:00', 24, '2017-6-20', 2, 2, 9) -- YYYY-MM-DD hh:mm:ss
INSERT INTO [LICHTRINH]([THOIGIANBATDAU], [THOIGIANKETTHUC], [MATUYENDUONG], [NGAYPHANCONG], [MAXE], [NGUOICHINHSUACUOICUNG], [TAIXE]) VALUES('2017-07-07 10:00:00', '2017-07-07 11:00:00', 1, '2017-6-20', 2, 2, 9) -- YYYY-MM-DD hh:mm:ss
INSERT INTO [LICHTRINH]([THOIGIANBATDAU], [THOIGIANKETTHUC], [MATUYENDUONG], [NGAYPHANCONG], [MAXE], [NGUOICHINHSUACUOICUNG], [TAIXE]) VALUES('2017-07-07 15:00:00', '2017-07-07 16:00:00', 14, '2017-6-20', 2, 2, 9) -- YYYY-MM-DD hh:mm:ss
INSERT INTO [LICHTRINH]([THOIGIANBATDAU], [THOIGIANKETTHUC], [MATUYENDUONG], [NGAYPHANCONG], [MAXE], [NGUOICHINHSUACUOICUNG], [TAIXE]) VALUES('2017-07-08 10:00:00', '2017-07-08 13:00:00', 2, '2017-6-20', 2, 2, 9) -- YYYY-MM-DD hh:mm:ss
INSERT INTO [LICHTRINH]([THOIGIANBATDAU], [THOIGIANKETTHUC], [MATUYENDUONG], [NGAYPHANCONG], [MAXE], [NGUOICHINHSUACUOICUNG], [TAIXE]) VALUES('2017-07-08 15:00:00', '2017-07-08 18:00:00', 15, '2017-6-20', 2, 2, 9) -- YYYY-MM-DD hh:mm:ss
INSERT INTO [LICHTRINH]([THOIGIANBATDAU], [THOIGIANKETTHUC], [MATUYENDUONG], [NGAYPHANCONG], [MAXE], [NGUOICHINHSUACUOICUNG], [TAIXE]) VALUES('2017-07-10 10:00:00', '2017-07-12 10:00:00', 12, '2017-6-20', 2, 2, 9) -- YYYY-MM-DD hh:mm:ss
INSERT INTO [LICHTRINH]([THOIGIANBATDAU], [THOIGIANKETTHUC], [MATUYENDUONG], [NGAYPHANCONG], [MAXE], [NGUOICHINHSUACUOICUNG], [TAIXE]) VALUES('2017-07-13 10:00:00', '2017-07-15 10:00:00', 25, '2017-6-20', 2, 2, 9) -- YYYY-MM-DD hh:mm:ss
INSERT INTO [LICHTRINH]([THOIGIANBATDAU], [THOIGIANKETTHUC], [MATUYENDUONG], [NGAYPHANCONG], [MAXE], [NGUOICHINHSUACUOICUNG], [TAIXE]) VALUES('2017-07-20 10:00:00', '2017-07-22 10:00:00', 13, '2017-6-20', 2, 2, 9) -- YYYY-MM-DD hh:mm:ss
INSERT INTO [LICHTRINH]([THOIGIANBATDAU], [THOIGIANKETTHUC], [MATUYENDUONG], [NGAYPHANCONG], [MAXE], [NGUOICHINHSUACUOICUNG], [TAIXE]) VALUES('2017-07-23 10:00:00', '2017-07-25 10:00:00', 26, '2017-6-20', 2, 2, 9) -- YYYY-MM-DD hh:mm:ss

INSERT INTO [LICHTRINH]([THOIGIANBATDAU], [THOIGIANKETTHUC], [MATUYENDUONG], [NGAYPHANCONG], [MAXE], [NGUOICHINHSUACUOICUNG], [TAIXE]) VALUES('2017-07-01 8:00:00', '2017-07-01 9:00:00', 1, '2017-6-20', 3, 2, 10) -- YYYY-MM-DD hh:mm:ss
INSERT INTO [LICHTRINH]([THOIGIANBATDAU], [THOIGIANKETTHUC], [MATUYENDUONG], [NGAYPHANCONG], [MAXE], [NGUOICHINHSUACUOICUNG], [TAIXE]) VALUES('2017-07-01 10:00:00', '2017-07-01 11:00:00', 14, '2017-6-20', 3, 2, 10) -- YYYY-MM-DD hh:mm:ss
INSERT INTO [LICHTRINH]([THOIGIANBATDAU], [THOIGIANKETTHUC], [MATUYENDUONG], [NGAYPHANCONG], [MAXE], [NGUOICHINHSUACUOICUNG], [TAIXE]) VALUES('2017-07-01 15:00:00', '2017-07-01 16:00:00', 6, '2017-6-20', 3, 2, 10) -- YYYY-MM-DD hh:mm:ss
INSERT INTO [LICHTRINH]([THOIGIANBATDAU], [THOIGIANKETTHUC], [MATUYENDUONG], [NGAYPHANCONG], [MAXE], [NGUOICHINHSUACUOICUNG], [TAIXE]) VALUES('2017-07-01 17:00:00', '2017-07-01 18:00:00', 19, '2017-6-20', 3, 2, 10) -- YYYY-MM-DD hh:mm:ss
INSERT INTO [LICHTRINH]([THOIGIANBATDAU], [THOIGIANKETTHUC], [MATUYENDUONG], [NGAYPHANCONG], [MAXE], [NGUOICHINHSUACUOICUNG], [TAIXE]) VALUES('2017-07-02 8:00:00', '2017-07-02 9:00:00', 7, '2017-6-20', 3, 2, 10) -- YYYY-MM-DD hh:mm:ss
INSERT INTO [LICHTRINH]([THOIGIANBATDAU], [THOIGIANKETTHUC], [MATUYENDUONG], [NGAYPHANCONG], [MAXE], [NGUOICHINHSUACUOICUNG], [TAIXE]) VALUES('2017-07-02 10:00:00', '2017-07-02 11:00:00', 20, '2017-6-20', 3, 2, 10) -- YYYY-MM-DD hh:mm:ss
INSERT INTO [LICHTRINH]([THOIGIANBATDAU], [THOIGIANKETTHUC], [MATUYENDUONG], [NGAYPHANCONG], [MAXE], [NGUOICHINHSUACUOICUNG], [TAIXE]) VALUES('2017-07-02 13:00:00', '2017-07-02 16:00:00', 8, '2017-6-20', 3, 2, 10) -- YYYY-MM-DD hh:mm:ss
INSERT INTO [LICHTRINH]([THOIGIANBATDAU], [THOIGIANKETTHUC], [MATUYENDUONG], [NGAYPHANCONG], [MAXE], [NGUOICHINHSUACUOICUNG], [TAIXE]) VALUES('2017-07-02 17:00:00', '2017-07-02 20:00:00', 21, '2017-6-20', 3, 2, 10) -- YYYY-MM-DD hh:mm:ss
INSERT INTO [LICHTRINH]([THOIGIANBATDAU], [THOIGIANKETTHUC], [MATUYENDUONG], [NGAYPHANCONG], [MAXE], [NGUOICHINHSUACUOICUNG], [TAIXE]) VALUES('2017-07-03 8:00:00', '2017-07-03 11:00:00', 9, '2017-6-20', 3, 2, 10) -- YYYY-MM-DD hh:mm:ss
INSERT INTO [LICHTRINH]([THOIGIANBATDAU], [THOIGIANKETTHUC], [MATUYENDUONG], [NGAYPHANCONG], [MAXE], [NGUOICHINHSUACUOICUNG], [TAIXE]) VALUES('2017-07-03 14:00:00', '2017-07-03 17:00:00', 22, '2017-6-20', 3, 2, 10) -- YYYY-MM-DD hh:mm:ss

INSERT INTO [LICHTRINH]([THOIGIANBATDAU], [THOIGIANKETTHUC], [MATUYENDUONG], [NGAYPHANCONG], [MAXE], [NGUOICHINHSUACUOICUNG], [TAIXE]) VALUES('2017-07-01 5:00:00', '2017-07-01 8:00:00', 3, '2017-6-20', 4, 2, 11) -- YYYY-MM-DD hh:mm:ss
INSERT INTO [LICHTRINH]([THOIGIANBATDAU], [THOIGIANKETTHUC], [MATUYENDUONG], [NGAYPHANCONG], [MAXE], [NGUOICHINHSUACUOICUNG], [TAIXE]) VALUES('2017-07-01 10:00:00', '2017-07-01 13:00:00', 16, '2017-6-20', 4, 2, 11) -- YYYY-MM-DD hh:mm:ss
INSERT INTO [LICHTRINH]([THOIGIANBATDAU], [THOIGIANKETTHUC], [MATUYENDUONG], [NGAYPHANCONG], [MAXE], [NGUOICHINHSUACUOICUNG], [TAIXE]) VALUES('2017-07-02 5:00:00', '2017-07-02 8:00:00', 2, '2017-6-20', 4, 2, 11) -- YYYY-MM-DD hh:mm:ss
INSERT INTO [LICHTRINH]([THOIGIANBATDAU], [THOIGIANKETTHUC], [MATUYENDUONG], [NGAYPHANCONG], [MAXE], [NGUOICHINHSUACUOICUNG], [TAIXE]) VALUES('2017-07-02 10:00:00', '2017-07-02 13:00:00', 15, '2017-6-20', 4, 2, 11) -- YYYY-MM-DD hh:mm:ss
INSERT INTO [LICHTRINH]([THOIGIANBATDAU], [THOIGIANKETTHUC], [MATUYENDUONG], [NGAYPHANCONG], [MAXE], [NGUOICHINHSUACUOICUNG], [TAIXE]) VALUES('2017-07-03 5:00:00', '2017-07-03 9:00:00', 10, '2017-6-20', 4, 2, 11) -- YYYY-MM-DD hh:mm:ss
INSERT INTO [LICHTRINH]([THOIGIANBATDAU], [THOIGIANKETTHUC], [MATUYENDUONG], [NGAYPHANCONG], [MAXE], [NGUOICHINHSUACUOICUNG], [TAIXE]) VALUES('2017-07-03 12:00:00', '2017-07-03 16:00:00', 23, '2017-6-20', 4, 2, 11) -- YYYY-MM-DD hh:mm:ss
INSERT INTO [LICHTRINH]([THOIGIANBATDAU], [THOIGIANKETTHUC], [MATUYENDUONG], [NGAYPHANCONG], [MAXE], [NGUOICHINHSUACUOICUNG], [TAIXE]) VALUES('2017-07-04 5:00:00', '2017-07-04 9:00:00', 4, '2017-6-20', 4, 2, 11) -- YYYY-MM-DD hh:mm:ss
INSERT INTO [LICHTRINH]([THOIGIANBATDAU], [THOIGIANKETTHUC], [MATUYENDUONG], [NGAYPHANCONG], [MAXE], [NGUOICHINHSUACUOICUNG], [TAIXE]) VALUES('2017-07-04 12:00:00', '2017-07-04 16:00:00', 17, '2017-6-20', 4, 2, 11) -- YYYY-MM-DD hh:mm:ss
INSERT INTO [LICHTRINH]([THOIGIANBATDAU], [THOIGIANKETTHUC], [MATUYENDUONG], [NGAYPHANCONG], [MAXE], [NGUOICHINHSUACUOICUNG], [TAIXE]) VALUES('2017-07-05 5:00:00', '2017-07-05 8:00:00', 9, '2017-6-20', 4, 2, 11) -- YYYY-MM-DD hh:mm:ss
INSERT INTO [LICHTRINH]([THOIGIANBATDAU], [THOIGIANKETTHUC], [MATUYENDUONG], [NGAYPHANCONG], [MAXE], [NGUOICHINHSUACUOICUNG], [TAIXE]) VALUES('2017-07-05 10:00:00', '2017-07-05 13:00:00', 22, '2017-6-20', 4, 2, 11) -- YYYY-MM-DD hh:mm:ss

INSERT INTO [LICHTRINH]([THOIGIANBATDAU], [THOIGIANKETTHUC], [MATUYENDUONG], [NGAYPHANCONG], [MAXE], [NGUOICHINHSUACUOICUNG], [TAIXE]) VALUES('2017-07-01 5:00:00', '2017-07-01 8:00:00', 3, '2017-6-20', 5, 2, 12) -- YYYY-MM-DD hh:mm:ss
INSERT INTO [LICHTRINH]([THOIGIANBATDAU], [THOIGIANKETTHUC], [MATUYENDUONG], [NGAYPHANCONG], [MAXE], [NGUOICHINHSUACUOICUNG], [TAIXE]) VALUES('2017-07-01 10:00:00', '2017-07-01 13:00:00', 16, '2017-6-20', 5, 2, 12) -- YYYY-MM-DD hh:mm:ss
INSERT INTO [LICHTRINH]([THOIGIANBATDAU], [THOIGIANKETTHUC], [MATUYENDUONG], [NGAYPHANCONG], [MAXE], [NGUOICHINHSUACUOICUNG], [TAIXE]) VALUES('2017-07-02 5:00:00', '2017-07-02 8:00:00', 2, '2017-6-20', 5, 2, 12) -- YYYY-MM-DD hh:mm:ss
INSERT INTO [LICHTRINH]([THOIGIANBATDAU], [THOIGIANKETTHUC], [MATUYENDUONG], [NGAYPHANCONG], [MAXE], [NGUOICHINHSUACUOICUNG], [TAIXE]) VALUES('2017-07-02 10:00:00', '2017-07-02 13:00:00', 15, '2017-6-20', 5, 2, 12) -- YYYY-MM-DD hh:mm:ss
INSERT INTO [LICHTRINH]([THOIGIANBATDAU], [THOIGIANKETTHUC], [MATUYENDUONG], [NGAYPHANCONG], [MAXE], [NGUOICHINHSUACUOICUNG], [TAIXE]) VALUES('2017-07-03 5:00:00', '2017-07-03 9:00:00', 10, '2017-6-20', 5, 2, 12) -- YYYY-MM-DD hh:mm:ss
INSERT INTO [LICHTRINH]([THOIGIANBATDAU], [THOIGIANKETTHUC], [MATUYENDUONG], [NGAYPHANCONG], [MAXE], [NGUOICHINHSUACUOICUNG], [TAIXE]) VALUES('2017-07-03 12:00:00', '2017-07-03 16:00:00', 23, '2017-6-20', 5, 2, 12) -- YYYY-MM-DD hh:mm:ss
INSERT INTO [LICHTRINH]([THOIGIANBATDAU], [THOIGIANKETTHUC], [MATUYENDUONG], [NGAYPHANCONG], [MAXE], [NGUOICHINHSUACUOICUNG], [TAIXE]) VALUES('2017-07-04 5:00:00', '2017-07-04 9:00:00', 4, '2017-6-20', 5, 2, 12) -- YYYY-MM-DD hh:mm:ss
INSERT INTO [LICHTRINH]([THOIGIANBATDAU], [THOIGIANKETTHUC], [MATUYENDUONG], [NGAYPHANCONG], [MAXE], [NGUOICHINHSUACUOICUNG], [TAIXE]) VALUES('2017-07-04 12:00:00', '2017-07-04 16:00:00', 17, '2017-6-20', 5, 2, 12) -- YYYY-MM-DD hh:mm:ss
INSERT INTO [LICHTRINH]([THOIGIANBATDAU], [THOIGIANKETTHUC], [MATUYENDUONG], [NGAYPHANCONG], [MAXE], [NGUOICHINHSUACUOICUNG], [TAIXE]) VALUES('2017-07-05 5:00:00', '2017-07-05 8:00:00', 9, '2017-6-20', 5, 2, 12) -- YYYY-MM-DD hh:mm:ss
INSERT INTO [LICHTRINH]([THOIGIANBATDAU], [THOIGIANKETTHUC], [MATUYENDUONG], [NGAYPHANCONG], [MAXE], [NGUOICHINHSUACUOICUNG], [TAIXE]) VALUES('2017-07-05 10:00:00', '2017-07-05 13:00:00', 22, '2017-6-20', 5, 2, 12) -- YYYY-MM-DD hh:mm:ss

INSERT INTO [LICHTRINH]([THOIGIANBATDAU], [THOIGIANKETTHUC], [MATUYENDUONG], [NGAYPHANCONG], [MAXE], [NGUOICHINHSUACUOICUNG], [TAIXE]) VALUES('2017-07-01 5:00:00', '2017-07-01 8:00:00', 3, '2017-6-20', 6, 2, 13) -- YYYY-MM-DD hh:mm:ss
INSERT INTO [LICHTRINH]([THOIGIANBATDAU], [THOIGIANKETTHUC], [MATUYENDUONG], [NGAYPHANCONG], [MAXE], [NGUOICHINHSUACUOICUNG], [TAIXE]) VALUES('2017-07-01 10:00:00', '2017-07-01 13:00:00', 16, '2017-6-20', 6, 2, 13) -- YYYY-MM-DD hh:mm:ss
INSERT INTO [LICHTRINH]([THOIGIANBATDAU], [THOIGIANKETTHUC], [MATUYENDUONG], [NGAYPHANCONG], [MAXE], [NGUOICHINHSUACUOICUNG], [TAIXE]) VALUES('2017-07-02 5:00:00', '2017-07-02 8:00:00', 2, '2017-6-20', 6, 2, 13) -- YYYY-MM-DD hh:mm:ss
INSERT INTO [LICHTRINH]([THOIGIANBATDAU], [THOIGIANKETTHUC], [MATUYENDUONG], [NGAYPHANCONG], [MAXE], [NGUOICHINHSUACUOICUNG], [TAIXE]) VALUES('2017-07-02 10:00:00', '2017-07-02 13:00:00', 15, '2017-6-20', 6, 2, 13) -- YYYY-MM-DD hh:mm:ss
INSERT INTO [LICHTRINH]([THOIGIANBATDAU], [THOIGIANKETTHUC], [MATUYENDUONG], [NGAYPHANCONG], [MAXE], [NGUOICHINHSUACUOICUNG], [TAIXE]) VALUES('2017-07-03 5:00:00', '2017-07-03 9:00:00', 10, '2017-6-20', 6, 2, 13) -- YYYY-MM-DD hh:mm:ss
INSERT INTO [LICHTRINH]([THOIGIANBATDAU], [THOIGIANKETTHUC], [MATUYENDUONG], [NGAYPHANCONG], [MAXE], [NGUOICHINHSUACUOICUNG], [TAIXE]) VALUES('2017-07-03 12:00:00', '2017-07-03 16:00:00', 23, '2017-6-20', 6, 2, 13) -- YYYY-MM-DD hh:mm:ss
INSERT INTO [LICHTRINH]([THOIGIANBATDAU], [THOIGIANKETTHUC], [MATUYENDUONG], [NGAYPHANCONG], [MAXE], [NGUOICHINHSUACUOICUNG], [TAIXE]) VALUES('2017-07-04 5:00:00', '2017-07-04 9:00:00', 4, '2017-6-20', 6, 2, 13) -- YYYY-MM-DD hh:mm:ss
INSERT INTO [LICHTRINH]([THOIGIANBATDAU], [THOIGIANKETTHUC], [MATUYENDUONG], [NGAYPHANCONG], [MAXE], [NGUOICHINHSUACUOICUNG], [TAIXE]) VALUES('2017-07-04 12:00:00', '2017-07-04 16:00:00', 17, '2017-6-20', 6, 2, 13) -- YYYY-MM-DD hh:mm:ss
INSERT INTO [LICHTRINH]([THOIGIANBATDAU], [THOIGIANKETTHUC], [MATUYENDUONG], [NGAYPHANCONG], [MAXE], [NGUOICHINHSUACUOICUNG], [TAIXE]) VALUES('2017-07-05 5:00:00', '2017-07-05 8:00:00', 9, '2017-6-20', 6, 2, 13) -- YYYY-MM-DD hh:mm:ss
INSERT INTO [LICHTRINH]([THOIGIANBATDAU], [THOIGIANKETTHUC], [MATUYENDUONG], [NGAYPHANCONG], [MAXE], [NGUOICHINHSUACUOICUNG], [TAIXE]) VALUES('2017-07-05 10:00:00', '2017-07-05 13:00:00', 22, '2017-6-20', 6, 2, 13) -- YYYY-MM-DD hh:mm:ss